{"stats":{"minecraft:custom":{"minecraft:jump":6,"minecraft:open_chest":7,"minecraft:time_since_rest":9279,"minecraft:leave_game":3,"minecraft:play_time":9279,"minecraft:time_since_death":9279,"minecraft:walk_one_cm":8109,"minecraft:sneak_time":442,"minecraft:total_world_time":15603,"minecraft:fall_one_cm":569,"minecraft:fly_one_cm":148616},"minecraft:used":{"minecraft:birch_sign":14,"minecraft:chest":14,"minecraft:torch":5,"minecraft:netherite_shovel":31,"minecraft:dark_oak_sign":1},"minecraft:mined":{"minecraft:dirt":32}},"DataVersion":2724}